<metadata xml:lang="en"><Esri><CreaDate>20230213</CreaDate><CreaTime>15194200</CreaTime><ArcGISFormat>1.0</ArcGISFormat><SyncOnce>FALSE</SyncOnce><DataProperties><itemProps><itemName Sync="TRUE">EFS Counties</itemName><imsContentType Sync="TRUE">002</imsContentType><itemSize Sync="TRUE">0.000</itemSize><itemLocation><linkage Sync="TRUE">file://\\DESKTOP-BOCGI22\C$\Users\Mrinali\OneDrive - The University of Texas at Austin\Documents\HEI_Dispersion_Modeling\Shapefiles\EFS Counties.shp</linkage><protocol Sync="TRUE">Local Area Network</protocol></itemLocation></itemProps><coordRef><type Sync="TRUE">Geographic</type><geogcsn Sync="TRUE">WGS84(DD)</geogcsn><csUnits Sync="TRUE">Angular Unit: degree (0.017453)</csUnits><peXml Sync="TRUE">&lt;GeographicCoordinateSystem xsi:type='typens:GeographicCoordinateSystem' xmlns:xsi='http://www.w3.org/2001/XMLSchema-instance' xmlns:xs='http://www.w3.org/2001/XMLSchema' xmlns:typens='http://www.esri.com/schemas/ArcGIS/3.0.0'&gt;&lt;WKT&gt;GEOGCS[&amp;quot;WGS84(DD)&amp;quot;,DATUM[&amp;quot;WGS84&amp;quot;,SPHEROID[&amp;quot;WGS84&amp;quot;,6378137.0,298.257223563]],PRIMEM[&amp;quot;Greenwich&amp;quot;,0.0],UNIT[&amp;quot;degree&amp;quot;,0.0174532925199433]]&lt;/WKT&gt;&lt;XOrigin&gt;-400&lt;/XOrigin&gt;&lt;YOrigin&gt;-400&lt;/YOrigin&gt;&lt;XYScale&gt;11258999068426.238&lt;/XYScale&gt;&lt;ZOrigin&gt;-100000&lt;/ZOrigin&gt;&lt;ZScale&gt;10000&lt;/ZScale&gt;&lt;MOrigin&gt;-100000&lt;/MOrigin&gt;&lt;MScale&gt;10000&lt;/MScale&gt;&lt;XYTolerance&gt;8.983152841195215e-09&lt;/XYTolerance&gt;&lt;ZTolerance&gt;0.001&lt;/ZTolerance&gt;&lt;MTolerance&gt;0.001&lt;/MTolerance&gt;&lt;HighPrecision&gt;true&lt;/HighPrecision&gt;&lt;LeftLongitude&gt;-180&lt;/LeftLongitude&gt;&lt;/GeographicCoordinateSystem&gt;</peXml></coordRef><lineage><Process ToolSource="c:\program files\arcgis\pro\Resources\ArcToolbox\toolboxes\Data Management Tools.tbx\CopyFeatures" Date="20230213" Time="151942">CopyFeatures geo_export_51b25884-36a1-4880-8695-ba3deb7fe829 C:\Users\Mrinali\Documents\Shapefiles\geo_export_51b25884-36a1-4880-8695-ba3deb7fe829.shp # # # #</Process><Process ToolSource="c:\program files\arcgis\pro\Resources\ArcToolbox\toolboxes\Data Management Tools.tbx\Merge" Date="20230418" Time="150051">Merge 'geo_export_51b25884-36a1-4880-8695-ba3deb7fe829 selection';'geo_export_51b25884-36a1-4880-8695-ba3deb7fe829 selection 1' C:\Users\Mrinali\Documents\ArcGIS\Projects\MyProject12\MyProject12.gdb\geo_export_51b2588436a_Merge1 "cog_abbr "cog_abbr" true true false 254 Text 0 0,Join,#,geo_export_51b25884-36a1-4880-8695-ba3deb7fe829 selection,cog_abbr,0,254;date_date_ "date_date_" true true false 8 Date 0 0,First,#,geo_export_51b25884-36a1-4880-8695-ba3deb7fe829 selection,date_date_,-1,-1;time_date_ "time_date_" true true false 254 Text 0 0,First,#,geo_export_51b25884-36a1-4880-8695-ba3deb7fe829 selection,time_date_,0,254;date_dat_2 "date_dat_2" true true false 8 Date 0 0,First,#,geo_export_51b25884-36a1-4880-8695-ba3deb7fe829 selection,date_dat_2,-1,-1;time_dat_2 "time_dat_2" true true false 254 Text 0 0,First,#,geo_export_51b25884-36a1-4880-8695-ba3deb7fe829 selection,time_dat_2,0,254;date_dat_3 "date_dat_3" true true false 8 Date 0 0,First,#,geo_export_51b25884-36a1-4880-8695-ba3deb7fe829 selection,date_dat_3,-1,-1;time_dat_3 "time_dat_3" true true false 254 Text 0 0,First,#,geo_export_51b25884-36a1-4880-8695-ba3deb7fe829 selection,time_dat_3,0,254;fips_code "fips_code" true true false 254 Text 0 0,First,#,geo_export_51b25884-36a1-4880-8695-ba3deb7fe829 selection,fips_code,0,254;local_id "local_id" true true false 254 Text 0 0,First,#,geo_export_51b25884-36a1-4880-8695-ba3deb7fe829 selection,local_id,0,254;name "name" true true false 254 Text 0 0,First,#,geo_export_51b25884-36a1-4880-8695-ba3deb7fe829 selection,name,0,254;shape_area "shape_area" true true false 19 Double 17 18,First,#,geo_export_51b25884-36a1-4880-8695-ba3deb7fe829 selection,shape_area,-1,-1;shape_leng "shape_leng" true true false 19 Double 17 18,First,#,geo_export_51b25884-36a1-4880-8695-ba3deb7fe829 selection,shape_leng,-1,-1;source "source" true true false 254 Text 0 0,First,#,geo_export_51b25884-36a1-4880-8695-ba3deb7fe829 selection,source,0,254;stratmap_i "stratmap_i" true true false 254 Text 0 0,First,#,geo_export_51b25884-36a1-4880-8695-ba3deb7fe829 selection,stratmap_i,0,254;txdot_abbr "txdot_abbr" true true false 254 Text 0 0,First,#,geo_export_51b25884-36a1-4880-8695-ba3deb7fe829 selection,txdot_abbr,0,254" NO_SOURCE_INFO</Process><Process ToolSource="c:\program files\arcgis\pro\Resources\ArcToolbox\toolboxes\Data Management Tools.tbx\CopyFeatures" Date="20230418" Time="151735">CopyFeatures "EFS Counties" "C:\Users\Mrinali\Documents\Shapefiles\EFS Counties.shp" # # # #</Process><Process ToolSource="c:\program files\arcgis\pro\Resources\ArcToolbox\toolboxes\Data Management Tools.tbx\CopyFeatures" Date="20231017" Time="111240">CopyFeatures "EFS Counties" "C:\Users\Mrinali\OneDrive - The University of Texas at Austin\Documents\HEI_Dispersion_Modeling\Shapefiles\EFS Counties.shp" # # # #</Process></lineage></DataProperties><SyncDate>20231017</SyncDate><SyncTime>11124000</SyncTime><ModDate>20231017</ModDate><ModTime>11124000</ModTime></Esri><dataIdInfo><envirDesc Sync="TRUE">Microsoft Windows 10 Version 10.0 (Build 19045) ; Esri ArcGIS 13.0.0.36056</envirDesc><dataLang><languageCode value="eng" Sync="TRUE"></languageCode><countryCode value="USA" Sync="TRUE"></countryCode></dataLang><idCitation><resTitle Sync="TRUE">EFS Counties</resTitle><presForm><PresFormCd value="005" Sync="TRUE"></PresFormCd></presForm></idCitation><spatRpType><SpatRepTypCd value="001" Sync="TRUE"></SpatRepTypCd></spatRpType></dataIdInfo><mdLang><languageCode value="eng" Sync="TRUE"></languageCode><countryCode value="USA" Sync="TRUE"></countryCode></mdLang><mdChar><CharSetCd value="004" Sync="TRUE"></CharSetCd></mdChar><distInfo><distFormat><formatName Sync="TRUE">Shapefile</formatName></distFormat><distTranOps><transSize Sync="TRUE">0.000</transSize></distTranOps></distInfo><mdHrLv><ScopeCd value="005" Sync="TRUE"></ScopeCd></mdHrLv><mdHrLvName Sync="TRUE">dataset</mdHrLvName><refSysInfo><RefSystem><refSysID><identCode code="0" Sync="TRUE"></identCode></refSysID></RefSystem></refSysInfo><spatRepInfo><VectSpatRep><geometObjs Name="EFS Counties"><geoObjTyp><GeoObjTypCd value="002" Sync="TRUE"></GeoObjTypCd></geoObjTyp><geoObjCnt Sync="TRUE">0</geoObjCnt></geometObjs><topLvl><TopoLevCd value="001" Sync="TRUE"></TopoLevCd></topLvl></VectSpatRep></spatRepInfo><spdoinfo><ptvctinf><esriterm Name="EFS Counties"><efeatyp Sync="TRUE">Simple</efeatyp><efeageom code="4" Sync="TRUE"></efeageom><esritopo Sync="TRUE">FALSE</esritopo><efeacnt Sync="TRUE">0</efeacnt><spindex Sync="TRUE">FALSE</spindex><linrefer Sync="TRUE">FALSE</linrefer></esriterm></ptvctinf></spdoinfo><eainfo><detailed Name="EFS Counties"><enttyp><enttypl Sync="TRUE">EFS Counties</enttypl><enttypt Sync="TRUE">Feature Class</enttypt><enttypc Sync="TRUE">0</enttypc></enttyp><attr><attrlabl Sync="TRUE">FID</attrlabl><attalias Sync="TRUE">FID</attalias><attrtype Sync="TRUE">OID</attrtype><attwidth Sync="TRUE">4</attwidth><atprecis Sync="TRUE">0</atprecis><attscale Sync="TRUE">0</attscale><attrdef Sync="TRUE">Internal feature number.</attrdef><attrdefs Sync="TRUE">Esri</attrdefs><attrdomv><udom Sync="TRUE">Sequential unique whole numbers that are automatically generated.</udom></attrdomv></attr><attr><attrlabl Sync="TRUE">Shape</attrlabl><attalias Sync="TRUE">Shape</attalias><attrtype Sync="TRUE">Geometry</attrtype><attwidth Sync="TRUE">0</attwidth><atprecis Sync="TRUE">0</atprecis><attscale Sync="TRUE">0</attscale><attrdef Sync="TRUE">Feature geometry.</attrdef><attrdefs Sync="TRUE">Esri</attrdefs><attrdomv><udom Sync="TRUE">Coordinates defining the features.</udom></attrdomv></attr><attr><attrlabl Sync="TRUE">cog_abbr</attrlabl><attalias Sync="TRUE">cog_abbr</attalias><attrtype Sync="TRUE">String</attrtype><attwidth Sync="TRUE">254</attwidth><atprecis Sync="TRUE">0</atprecis><attscale Sync="TRUE">0</attscale></attr><attr><attrlabl Sync="TRUE">date_date_</attrlabl><attalias Sync="TRUE">date_date_</attalias><attrtype Sync="TRUE">Date</attrtype><attwidth Sync="TRUE">8</attwidth><atprecis Sync="TRUE">0</atprecis><attscale Sync="TRUE">0</attscale></attr><attr><attrlabl Sync="TRUE">time_date_</attrlabl><attalias Sync="TRUE">time_date_</attalias><attrtype Sync="TRUE">String</attrtype><attwidth Sync="TRUE">254</attwidth><atprecis Sync="TRUE">0</atprecis><attscale Sync="TRUE">0</attscale></attr><attr><attrlabl Sync="TRUE">date_dat_2</attrlabl><attalias Sync="TRUE">date_dat_2</attalias><attrtype Sync="TRUE">Date</attrtype><attwidth Sync="TRUE">8</attwidth><atprecis Sync="TRUE">0</atprecis><attscale Sync="TRUE">0</attscale></attr><attr><attrlabl Sync="TRUE">time_dat_2</attrlabl><attalias Sync="TRUE">time_dat_2</attalias><attrtype Sync="TRUE">String</attrtype><attwidth Sync="TRUE">254</attwidth><atprecis Sync="TRUE">0</atprecis><attscale Sync="TRUE">0</attscale></attr><attr><attrlabl Sync="TRUE">date_dat_3</attrlabl><attalias Sync="TRUE">date_dat_3</attalias><attrtype Sync="TRUE">Date</attrtype><attwidth Sync="TRUE">8</attwidth><atprecis Sync="TRUE">0</atprecis><attscale Sync="TRUE">0</attscale></attr><attr><attrlabl Sync="TRUE">time_dat_3</attrlabl><attalias Sync="TRUE">time_dat_3</attalias><attrtype Sync="TRUE">String</attrtype><attwidth Sync="TRUE">254</attwidth><atprecis Sync="TRUE">0</atprecis><attscale Sync="TRUE">0</attscale></attr><attr><attrlabl Sync="TRUE">fips_code</attrlabl><attalias Sync="TRUE">fips_code</attalias><attrtype Sync="TRUE">String</attrtype><attwidth Sync="TRUE">254</attwidth><atprecis Sync="TRUE">0</atprecis><attscale Sync="TRUE">0</attscale></attr><attr><attrlabl Sync="TRUE">local_id</attrlabl><attalias Sync="TRUE">local_id</attalias><attrtype Sync="TRUE">String</attrtype><attwidth Sync="TRUE">254</attwidth><atprecis Sync="TRUE">0</atprecis><attscale Sync="TRUE">0</attscale></attr><attr><attrlabl Sync="TRUE">name</attrlabl><attalias Sync="TRUE">name</attalias><attrtype Sync="TRUE">String</attrtype><attwidth Sync="TRUE">254</attwidth><atprecis Sync="TRUE">0</atprecis><attscale Sync="TRUE">0</attscale></attr><attr><attrlabl Sync="TRUE">shape_area</attrlabl><attalias Sync="TRUE">Shape_Area</attalias><attrtype Sync="TRUE">Double</attrtype><attwidth Sync="TRUE">19</attwidth><atprecis Sync="TRUE">0</atprecis><attscale Sync="TRUE">0</attscale><attrdef Sync="TRUE">Area of feature in internal units squared.</attrdef><attrdefs Sync="TRUE">Esri</attrdefs><attrdomv><udom Sync="TRUE">Positive real numbers that are automatically generated.</udom></attrdomv></attr><attr><attrlabl Sync="TRUE">shape_leng</attrlabl><attalias Sync="TRUE">shape_leng</attalias><attrtype Sync="TRUE">Double</attrtype><attwidth Sync="TRUE">19</attwidth><atprecis Sync="TRUE">0</atprecis><attscale Sync="TRUE">0</attscale></attr><attr><attrlabl Sync="TRUE">source</attrlabl><attalias Sync="TRUE">source</attalias><attrtype Sync="TRUE">String</attrtype><attwidth Sync="TRUE">254</attwidth><atprecis Sync="TRUE">0</atprecis><attscale Sync="TRUE">0</attscale></attr><attr><attrlabl Sync="TRUE">stratmap_i</attrlabl><attalias Sync="TRUE">stratmap_i</attalias><attrtype Sync="TRUE">String</attrtype><attwidth Sync="TRUE">254</attwidth><atprecis Sync="TRUE">0</atprecis><attscale Sync="TRUE">0</attscale></attr><attr><attrlabl Sync="TRUE">Shape_Le_1</attrlabl><attalias Sync="TRUE">Shape_Le_1</attalias><attrtype Sync="TRUE">Double</attrtype><attwidth Sync="TRUE">19</attwidth><atprecis Sync="TRUE">0</atprecis><attscale Sync="TRUE">0</attscale></attr><attr><attrlabl Sync="TRUE">txdot_abbr</attrlabl><attalias Sync="TRUE">txdot_abbr</attalias><attrtype Sync="TRUE">String</attrtype><attwidth Sync="TRUE">254</attwidth><atprecis Sync="TRUE">0</atprecis><attscale Sync="TRUE">0</attscale></attr></detailed></eainfo><mdDateSt Sync="TRUE">20231017</mdDateSt></metadata>
